,Model,Rsquare,adj_Rsquared,MMRE,MBRE,MIBRE,MAE,PRED025,SSE,SA
0,MLP_P1,0.024385996398598286,0.03508610414480606,1.0716581570652224,1.169707744941184,0.43783014167091716,1576.1547168022878,0.2702702702702703,21912630.562669784,0.31951518348652297
1,MLP_P2,0.12568686935377849,0.12030709706585963,1.0272593712038374,1.1348361602968806,0.4220285692970213,1521.3217728672803,0.2702702702702703,21564695.03266363,0.3767889815949371
2,MLP_P3,0.3367490623121998,0.25907615848882337,0.9842515830530219,1.152348651763281,0.4237549596836214,1584.0937121217316,0.21621621621621623,21678391.527636413,0.4664981843595448
3,MLP_P4,0.7000816061721242,0.6012988127696641,1.0556161990523443,1.1920532556678591,0.40379307253832214,1554.1265101887084,0.2972972972972973,15008364.4265809,0.6637139416390103
4,MLP_P5,0.32477637987003527,0.20222802690132557,1.004706857999712,1.1589138084599353,0.42625946123454633,1605.2523171468363,0.2972972972972973,21185185.666459,0.44020503726270177
5,MLP_P6,0.3301825421056682,0.15409341578637958,1.0349479967841795,1.1907921433697788,0.4297797680874891,1630.0887513183256,0.2702702702702703,20658358.143734116,0.4319323560640108
6,MLP_P7,0.1626428872703458,0.12158725002656068,1.0181360992667188,1.1221624571262536,0.4230156775599406,1515.3924875710466,0.21621621621621623,22784261.882501047,0.3787685777222932
7,MLP_P8,0.01518454529340425,-0.032016980899937986,1.0881836993991882,1.1793663561010932,0.4344699166983385,1568.9741922475193,0.2702702702702703,21558964.996642224,0.29388092694361034
